-- phpMyAdmin SQL Dump
-- version 5.2.0
-- https://www.phpmyadmin.net/
--
-- Hôte : 127.0.0.1
-- Généré le : jeu. 22 juin 2023 à 12:37
-- Version du serveur : 10.4.27-MariaDB
-- Version de PHP : 8.2.0

SET SQL_MODE = "NO_AUTO_VALUE_ON_ZERO";
START TRANSACTION;
SET time_zone = "+00:00";


/*!40101 SET @OLD_CHARACTER_SET_CLIENT=@@CHARACTER_SET_CLIENT */;
/*!40101 SET @OLD_CHARACTER_SET_RESULTS=@@CHARACTER_SET_RESULTS */;
/*!40101 SET @OLD_COLLATION_CONNECTION=@@COLLATION_CONNECTION */;
/*!40101 SET NAMES utf8mb4 */;

--
-- Base de données : `gestion_intervention`
--

-- --------------------------------------------------------

--
-- Structure de la table `departement`
--

CREATE TABLE `departement` (
  `code_dep` bigint(20) NOT NULL,
  `date_creation` datetime(6) DEFAULT NULL,
  `date_modification` datetime(6) DEFAULT NULL,
  `description` varchar(255) DEFAULT NULL,
  `libelle` varchar(255) DEFAULT NULL,
  `signature` varchar(255) DEFAULT NULL,
  `statut_vie` varchar(255) NOT NULL,
  `createur` bigint(20) NOT NULL,
  `modificateur` bigint(20) NOT NULL
) ENGINE=MyISAM DEFAULT CHARSET=latin1 COLLATE=latin1_swedish_ci ROW_FORMAT=DYNAMIC;

--
-- Déchargement des données de la table `departement`
--

INSERT INTO `departement` (`code_dep`, `date_creation`, `date_modification`, `description`, `libelle`, `signature`, `statut_vie`, `createur`, `modificateur`) VALUES
(102752, '2020-11-18 11:29:49.000000', '2020-11-18 11:29:49.000000', 'Direction', 'Direction', '-1633200014', 'ACTIVE', 101, 101),
(102753, '2020-11-18 11:30:02.000000', '2020-11-18 13:24:00.000000', 'Scolarité', 'Scolarité', '-1240256277', 'ACTIVE', 101, 101),
(102754, '2020-11-18 11:30:14.000000', '2020-11-18 11:30:14.000000', 'Pedagogie', 'Pedagogie', '467416253', 'ACTIVE', 101, 101),
(102755, '2020-11-18 11:30:37.000000', '2021-10-28 11:53:21.000000', 'Ingenieurs Supports', 'Ingenieurs Supports', '1983398676', 'ACTIVE', 101, 101),
(103102, '2020-11-18 15:07:30.000000', '2020-11-18 15:07:30.000000', 'Administration', 'Administration', '483392637', 'ACTIVE', 101, 101),
(157467, '2021-10-28 11:54:06.000000', '2021-10-28 11:54:07.000000', 'Secretariat', 'Secretariat', '-2025749887', 'ACTIVE', 101, 101);

-- --------------------------------------------------------

--
-- Structure de la table `etudiant`
--

CREATE TABLE `etudiant` (
  `code_etud` bigint(20) NOT NULL,
  `code_authentification` varchar(255) DEFAULT NULL,
  `matricule` varchar(255) NOT NULL,
  `mail_etud` varchar(255) NOT NULL,
  `roles` varchar(255) DEFAULT NULL
) ENGINE=MyISAM DEFAULT CHARSET=latin1 COLLATE=latin1_swedish_ci ROW_FORMAT=DYNAMIC;

--
-- Déchargement des données de la table `etudiant`
--

INSERT INTO `etudiant` (`code_etud`, `code_authentification`, `matricule`, `mail_etud`, `roles`) VALUES
(8463, '8155', '1920i002', 'kalaitawa@gmail.com', 'Etudiant'),
(8464, '7328', '1920i003', '', 'Etudiant'),
(8465, '22367', '1920i004', '', 'Etudiant'),
(8466, '3020', '1920i005', '', 'Etudiant'),
(8467, '3205', '1920i009', '', 'Etudiant'),
(8468, '4557', '1920i010', '', 'Etudiant'),
(8469, '7370', '1819i015', '', 'Etudiant'),
(8470, '1906', '1920i011', '', 'Etudiant'),
(110088, '509862', '2021m186', '', 'Etudiant'),
(110087, '539808', '2021m175', '', 'Etudiant'),
(110086, '456338', '2021m188', '', 'Etudiant'),
(110085, '317262', '2021m153', '', 'Etudiant'),
(110084, '698832', '2021m180', '', 'Etudiant'),
(110083, '569242', '2021m176', '', 'Etudiant'),
(110082, '865826', '2021m190', '', 'Etudiant'),
(110081, '811494', '2021m162', '', 'Etudiant'),
(110080, '601726', '2021m199', '', 'Etudiant'),
(110079, '625739', '2021m201', '', 'Etudiant'),
(110078, '488461', '2021m197', '', 'Etudiant'),
(110077, '891928', '2021m157', '', 'Etudiant'),
(110076, '979487', '2021m161', '', 'Etudiant'),
(110053, '190184', '2021i308', '', 'Etudiant'),
(110052, '353896', '2021i307', '', 'Etudiant'),
(110051, '981468', '2021i309', '', 'Etudiant'),
(110050, '771050', '1617i13', '', 'Etudiant'),
(110049, '794590', '2021i311', '', 'Etudiant'),
(110054, '398949', '2021i310', '', 'Etudiant'),
(110071, '294826', '2021m152', '', 'Etudiant'),
(110070, '882310', '2021m189', '', 'Etudiant'),
(110069, '418805', '2021m192', '', 'Etudiant'),
(110068, '536203', '2021m198', '', 'Etudiant'),
(110067, '295989', '2021m168', '', 'Etudiant'),
(110066, '908470', '2021m177', '', 'Etudiant'),
(110065, '871632', '2021m185', '', 'Etudiant'),
(110064, '944137', '2021m195', '', 'Etudiant'),
(110063, '302842', '2021i301', '', 'Etudiant'),
(110062, '617230', '2021i304', '', 'Etudiant'),
(110061, '133788', '2021i302', '', 'Etudiant'),
(110060, '653247', '2021i313', '', 'Etudiant'),
(110059, '241749', '2021i305', '', 'Etudiant'),
(110058, '174086', '2021i303', '', 'Etudiant'),
(110057, '209486', '2021i300', '', 'Etudiant'),
(110056, '164879', '2021i306', '', 'Etudiant'),
(110055, '831147', '2021i312', '', 'Etudiant'),
(110074, '685404', '2021m159', '', 'Etudiant'),
(110073, '464614', '2021m179', '', 'Etudiant'),
(110072, '947328', '2021m182', '', 'Etudiant'),
(110075, '897955', '2021m173', '', 'Etudiant'),
(33597, '184214', '2021L036', '', 'Etudiant'),
(33596, '142460', '2021L025', '', 'Etudiant'),
(33595, '894921', '2021L004', '', 'Etudiant'),
(33594, '555399', '2021L019', '', 'Etudiant'),
(33593, '674029', '2021L069', '', 'Etudiant'),
(33592, '303961', '2021L059', '', 'Etudiant'),
(33591, '292393', '2021L056', '', 'Etudiant'),
(33590, '757066', '2021L045', '', 'Etudiant'),
(33589, '958700', '2021L014', '', 'Etudiant'),
(33588, '387943', '2021L033', '', 'Etudiant'),
(33587, '336759', '2021L022', '', 'Etudiant'),
(33586, '232583', '2021L063', '', 'Etudiant'),
(33585, '401935', '2021L041', '', 'Etudiant'),
(33584, '237928', '2021L034', '', 'Etudiant'),
(33583, '496381', '2021L047', '', 'Etudiant'),
(33582, '378639', '2021L068', '', 'Etudiant'),
(33581, '434126', '2021L035', '', 'Etudiant'),
(33580, '800741', '2021L021', '', 'Etudiant'),
(33579, '529284', '2021L058', '', 'Etudiant'),
(33578, '865121', '2021L002', '', 'Etudiant'),
(33577, '768254', '2021L043', '', 'Etudiant'),
(33576, '558163', '2021L046', '', 'Etudiant'),
(33575, '344856', '2021L048', '', 'Etudiant'),
(33574, '997030', '2021L040', '', 'Etudiant'),
(33573, '105015', '2021L061', '', 'Etudiant'),
(33572, '837009', '2021L064', '', 'Etudiant'),
(33571, '764147', '2021L037', '', 'Etudiant'),
(33570, '933543', '2021L009', '', 'Etudiant'),
(33401, '971424', '2021i002', '', 'Etudiant'),
(33402, '558398', '2021i043', '', 'Etudiant'),
(33480, '613228', '2021i069', '', 'Etudiant'),
(33479, '840078', '2021i067', '', 'Etudiant'),
(33403, '979889', '2021i044', '', 'Etudiant'),
(33404, '612169', '2021i008', '', 'Etudiant'),
(33405, '799507', '2021i046', '', 'Etudiant'),
(33406, '481964', '2021i009', '', 'Etudiant'),
(33407, '802820', '2021i013', '', 'Etudiant'),
(33408, '890580', '2021i051', '', 'Etudiant'),
(33409, '900426', '2021i084', '', 'Etudiant'),
(33410, '435594', '2021i129', '', 'Etudiant'),
(33411, '272604', '2021i019', '', 'Etudiant'),
(33412, '686549', '2021i053', '', 'Etudiant'),
(33413, '316163', '2021i086', '', 'Etudiant'),
(33414, '138269', '2021i090', '', 'Etudiant'),
(33415, '734380', '2021i056', '', 'Etudiant'),
(33416, '159701', '2021i125', '', 'Etudiant'),
(161023, '467960', '2021i093', '', 'Etudiant'),
(33418, '902092', '2021i094', '', 'Etudiant'),
(33419, '573338', '2021i023', '', 'Etudiant'),
(33420, '565067', '2021i058', '', 'Etudiant'),
(33421, '191403', '2021i127', '', 'Etudiant'),
(33422, '899297', '2021i059', '', 'Etudiant'),
(33423, '625660', '2021i101', '', 'Etudiant'),
(33424, '517675', '2021i102', '', 'Etudiant'),
(33425, '219933', '2021i061', '', 'Etudiant'),
(33426, '218490', '2021i063', '', 'Etudiant'),
(33427, '618074', '2021i108', '', 'Etudiant'),
(33428, '102644', '2021i064', '', 'Etudiant'),
(33429, '823547', '2021i066', '', 'Etudiant'),
(33430, '308321', '2021i111', '', 'Etudiant'),
(33431, '596930', '2021i112', '', 'Etudiant'),
(33432, '939742', '2021i033', '', 'Etudiant'),
(33433, '121665', '2021i068', '', 'Etudiant'),
(33434, '938510', '2021i122', '', 'Etudiant'),
(33435, '190201', '2021i037', '', 'Etudiant'),
(33436, '925967', '2021i038', '', 'Etudiant'),
(33437, '466920', '2021i039', '', 'Etudiant'),
(33438, '730496', '2021i114', '', 'Etudiant'),
(33439, '643998', '2021i115', '', 'Etudiant'),
(33440, '334800', '2021i074', '', 'Etudiant'),
(33441, '840173', '2021i040', '', 'Etudiant'),
(33442, '923000', '2021i042', '', 'Etudiant'),
(33443, '488928', '2021i137', '', 'Etudiant'),
(33444, '946690', '2021i003', '', 'Etudiant'),
(33445, '606028', '2021i077', '', 'Etudiant'),
(33568, '685273', '2021L012', '', 'Etudiant'),
(33495, '329203', '2021L067', '', 'Etudiant'),
(33484, '412758', '2021i116', '', 'Etudiant'),
(20030, '7423', '1617L033', '', 'Etudiant'),
(20028, '7381', '1617I49', '', 'Etudiant'),
(20025, '4112', '1617I57', '', 'Etudiant'),
(796, '3035', '1819L009', '', 'Etudiant'),
(797, '1608', '1718L005', '', 'Etudiant'),
(798, '2955', '1819L011', '', 'Etudiant'),
(799, '1753', '1819L012', '', 'Etudiant'),
(800, '6392', '1819L013', '', 'Etudiant'),
(801, '4416', '1819L014', '', 'Etudiant'),
(802, '5575', '1819L015', '', 'Etudiant'),
(803, '5095', '1819L038', '', 'Etudiant'),
(804, '1343', '1819L016', '', 'Etudiant'),
(805, '4877', '1819L106', '', 'Etudiant'),
(806, '6557', '1718L001', '', 'Etudiant'),
(807, '6253', '1718L014', '', 'Etudiant'),
(808, '5591', '1718L016', '', 'Etudiant'),
(809, '9794', '1617L13', '', 'Etudiant'),
(810, '9901', '1718L019', '', 'Etudiant'),
(811, '4387', '1819L107', '', 'Etudiant'),
(812, '5145', '1718L003', '', 'Etudiant'),
(813, '8051', '1718L020', '', 'Etudiant'),
(814, '3836', '1718L030', '', 'Etudiant'),
(815, '1799', '1718L021', '', 'Etudiant'),
(816, '5740', '1718L033', '', 'Etudiant'),
(817, '6171', '1718L037', '', 'Etudiant'),
(818, '7253', '1819L108', '', 'Etudiant'),
(819, '7640', '1718L035', '', 'Etudiant'),
(820, '1548', '1718L023', '', 'Etudiant'),
(821, '2797', '1718L024', '', 'Etudiant'),
(822, '1009', '1718L032', '', 'Etudiant'),
(823, '3719', '1718L025', '', 'Etudiant'),
(824, '2081', '1718L031', '', 'Etudiant'),
(825, '5115', '1718L006', '', 'Etudiant'),
(826, '6330', '1718L011', '', 'Etudiant'),
(9653, '4409', '1617I01', '', 'Etudiant'),
(9654, '6197', '1617I02', '', 'Etudiant'),
(9655, '5042', '1617I03', '', 'Etudiant'),
(9656, '1550', '1617I04', '', 'Etudiant'),
(9657, '5910', '1617I05', '', 'Etudiant'),
(9658, '3080', '1617I06', '', 'Etudiant'),
(9659, '8892', '1617I07', '', 'Etudiant'),
(9660, '2000', '1617I08', '', 'Etudiant'),
(9661, '3242', '1617I09', '', 'Etudiant'),
(9662, '5771', '1617I14', '', 'Etudiant'),
(9663, '8898', '1617I16', '', 'Etudiant'),
(9664, '8754', '1617I17', '', 'Etudiant'),
(9665, '1275', '1617I18', '', 'Etudiant'),
(9666, '3527', '1819I115', '', 'Etudiant'),
(9667, '4307', '1617I20', '', 'Etudiant'),
(9668, '3167', '1617I21', '', 'Etudiant'),
(18907, '7014', '1617I22', '', 'Etudiant'),
(19403, '7015', '1617I24', '', 'Etudiant'),
(20002, '8725', '1617I25', '', 'Etudiant'),
(20003, '1494', '1617I26', '', 'Etudiant'),
(20004, '4435', '1617I27', '', 'Etudiant'),
(20005, '9024', '1617I28', '', 'Etudiant'),
(20006, '8522', '1617i29', '', 'Etudiant'),
(20007, '5842', '1617I30', '', 'Etudiant'),
(20008, '5708', '1617I34', '', 'Etudiant'),
(20009, '5836', '1819I111', '', 'Etudiant'),
(20010, '9310', '1617I36', '', 'Etudiant'),
(20011, '6084', '1617I38', '', 'Etudiant'),
(20012, '7828', '1617I39', '', 'Etudiant'),
(20013, '9891', '1617I40', '', 'Etudiant'),
(20014, '2366', '1617I41', '', 'Etudiant'),
(20015, '1005', '1617I42', '', 'Etudiant'),
(20016, '8739', '1819I112', '', 'Etudiant'),
(20017, '1925', '1617I46', '', 'Etudiant'),
(20018, '4630', '1617I50', '', 'Etudiant'),
(20019, '2595', '1617I51', '', 'Etudiant'),
(20020, '3918', '1617I52', '', 'Etudiant'),
(20021, '9841', '1617I53', '', 'Etudiant'),
(20022, '9250', '1617I54', '', 'Etudiant'),
(20023, '9784', '1617I55', '', 'Etudiant'),
(794, '9730', '1819L006', '', 'Etudiant'),
(792, '6541', '1819L039', '', 'Etudiant'),
(790, '3520', '1819L031', '', 'Etudiant'),
(788, '3476', '1819L021', '', 'Etudiant'),
(786, '3912', '1819L002', '', 'Etudiant'),
(784, '8916', '1819L036', '', 'Etudiant'),
(782, '3839', '1819L030', '', 'Etudiant'),
(780, '5485', '1920L029', '', 'Etudiant'),
(778, '5604', '1920L033', '', 'Etudiant'),
(776, '9727', '1920L015', '', 'Etudiant'),
(774, '6224', '1920L014', '', 'Etudiant'),
(772, '6011', '1920L012', '', 'Etudiant'),
(770, '9218', '1920L026', '', 'Etudiant'),
(768, '1635', '1920L011', '', 'Etudiant'),
(766, '9897', '1920L032', '', 'Etudiant'),
(763, '1136', '1920L007', '', 'Etudiant'),
(761, '1204', '1920L006', '', 'Etudiant'),
(759, '3078', '1920L018', '', 'Etudiant'),
(757, '4518', '1920L003', '', 'Etudiant'),
(755, '4942', '1920L001', '', 'Etudiant'),
(753, '22736', '1920L019', '', 'Etudiant'),
(751, '8960', '1819i013', '', 'Etudiant'),
(749, '7868', '1819i021', '', 'Etudiant'),
(747, '4059', '1819i100', '', 'Etudiant'),
(745, '1673', '1819i048', '', 'Etudiant'),
(742, '8184', '1819i037', '', 'Etudiant'),
(740, '4630', '1819i003', '', 'Etudiant'),
(738, '4247', '1819i012', '', 'Etudiant'),
(736, '6021', '1819i056', '', 'Etudiant'),
(734, '7720', '1819i033', '', 'Etudiant'),
(732, '7562', '1819i002', '', 'Etudiant'),
(730, '5193', '1819i011', '', 'Etudiant'),
(728, '9115', '1819i081', '', 'Etudiant'),
(726, '3815', '1819i040', '', 'Etudiant'),
(724, '1623', '1718i021', '', 'Etudiant'),
(722, '3223', '1819i020', '', 'Etudiant'),
(720, '6396', '1819i005', '', 'Etudiant'),
(717, '7099', '1718i070', '', 'Etudiant'),
(715, '6458', '1819i024', '', 'Etudiant'),
(713, '1877', '1819i019', '', 'Etudiant'),
(711, '4616', '1819i053', '', 'Etudiant'),
(709, '8253', '1819i008', '', 'Etudiant'),
(707, '3592', '1819i045', '', 'Etudiant'),
(705, '9544', '1819i030', '', 'Etudiant'),
(703, '1287', '1819i051', '', 'Etudiant'),
(604, '57439', '1718i088', '', 'Etudiant'),
(602, '79109', '1718i018', '', 'Etudiant'),
(600, '10626', '1920i121', '', 'Etudiant'),
(597, '24954', '1718i009', '', 'Etudiant'),
(595, '13383', '1718i042', '', 'Etudiant'),
(593, '28108', '1718i031', '', 'Etudiant'),
(591, '67853', '1718i067', '', 'Etudiant'),
(589, '60123', '1920i120', '', 'Etudiant'),
(587, '29387', '1718i016', '', 'Etudiant'),
(585, '65360', '1718i034', '', 'Etudiant'),
(583, '64717', '1920i122', '', 'Etudiant'),
(581, '49364', '1718i083', '', 'Etudiant'),
(579, '47022', '1718i022', '', 'Etudiant'),
(577, '63785', '1718i014', '', 'Etudiant'),
(575, '39434', '1718i048', '', 'Etudiant'),
(573, '36162', '1920i115', '', 'Etudiant'),
(571, '51961', '1718i046', '', 'Etudiant'),
(569, '15679', '1920i114', '', 'Etudiant'),
(567, '97326', '1920i123', '', 'Etudiant'),
(565, '93725', '1718i062', '', 'Etudiant'),
(563, '87051', '1920i113', '', 'Etudiant'),
(561, '63361', '1718i054', '', 'Etudiant'),
(559, '84091', '1718i035', '', 'Etudiant'),
(557, '43109', '1920i111', '', 'Etudiant'),
(555, '29772', '1718i040', '', 'Etudiant'),
(553, '18063', '1718i023', '', 'Etudiant'),
(8524, '6036', '1920i091', '', 'Etudiant'),
(8522, '8524', '1920i089', '', 'Etudiant'),
(8520, '4175', '1920i087', '', 'Etudiant'),
(8518, '3781', '1920i085', '', 'Etudiant'),
(8516, '1138', '1920i082', '', 'Etudiant'),
(8514, '3211', '1920i079', '', 'Etudiant'),
(8512, '5561', '1920i077', '', 'Etudiant'),
(8510, '2164', '1920i074', '', 'Etudiant'),
(8508, '2310', '1920i072', '', 'Etudiant'),
(8506, '7746', '1920i070', '', 'Etudiant'),
(8504, '3967', '1920i068', '', 'Etudiant'),
(8502, '1324', '1920i063', '', 'Etudiant'),
(8500, '1446', '1920i061', '', 'Etudiant'),
(8498, '8923', '1920i059', '', 'Etudiant'),
(8496, '5172', '1920i056', '', 'Etudiant'),
(8494, '6506', '1920i053', '', 'Etudiant'),
(8492, '7034', '1920i050', '', 'Etudiant'),
(8490, '4907', '1920i046', '', 'Etudiant'),
(8488, '5607', '1920i044', '', 'Etudiant'),
(8486, '', '1920i043', '', 'Etudiant'),
(8484, '', '1920i039', '', 'Etudiant'),
(8482, '7852', '1819i014', '', 'Etudiant'),
(8480, '6322', '1920i027', '', 'Etudiant'),
(8478, '5169', '1819i039', '', 'Etudiant'),
(8476, '', '1920i019', '', 'Etudiant'),
(8471, '8972', '1920i014', '', 'Etudiant'),
(8472, '4981', '1819i052', '', 'Etudiant'),
(8473, '6557', '1920i016', '', 'Etudiant'),
(8474, '1875', '1920i017', '', 'Etudiant'),
(161027, '275455', '2122I116', '', 'Etudiant'),
(161026, '738774', '2122I078', '', 'Etudiant'),
(161025, '499641', '2122I035', '', 'Etudiant'),
(161024, '486252', '2122I075', '', 'Etudiant'),
(161022, '537033', '2122I023', '', 'Etudiant'),
(161021, '134590', '2122I027', '', 'Etudiant'),
(161020, '818910', '2122I141', '', 'Etudiant'),
(161019, '746441', '2122I057', '', 'Etudiant'),
(161018, '901428', '2122I106', '', 'Etudiant'),
(161017, '676429', '2122I019', '', 'Etudiant'),
(161016, '176641', '2122I102', '', 'Etudiant'),
(161015, '779264', '2122I011', '', 'Etudiant'),
(161014, '234474', '2122I065', '', 'Etudiant'),
(161013, '158879', '2122I013', '', 'Etudiant'),
(161012, '284307', '2122I099', '', 'Etudiant'),
(160383, '481769', '2122I129', '', 'Etudiant'),
(160378, '590381', '2122I127', '', 'Etudiant'),
(160372, '662667', '2122I042', '', 'Etudiant'),
(160367, '280930', '2122I147', '', 'Etudiant'),
(160348, '729401', '2122I036', '', 'Etudiant'),
(160347, '357839', '2122I030', '', 'Etudiant'),
(160345, '156269', '2122I155', '', 'Etudiant'),
(160344, '540933', '2122I096', '', 'Etudiant'),
(160343, '250555', '2122I062', '', 'Etudiant'),
(160342, '830784', '2122I008', '', 'Etudiant'),
(160340, '972241', '2122I153', '', 'Etudiant'),
(160339, '986298', '2122I050', '', 'Etudiant'),
(160338, '650485', '2122I125', '', 'Etudiant'),
(160337, '733490', '2122I040', '', 'Etudiant'),
(160336, '649272', '2122I046', '', 'Etudiant'),
(160334, '361404', '2122I002', '', 'Etudiant'),
(160333, '102658', '2122I087', '', 'Etudiant'),
(160332, '309067', '2122I121', '', 'Etudiant'),
(160331, '377293', '2122I058', '', 'Etudiant'),
(160329, '718504', '2122I010', '', 'Etudiant'),
(160328, '540754', '2122I083', '', 'Etudiant'),
(160327, '717440', '2122I014', '', 'Etudiant'),
(160326, '862659', '2122I020', '', 'Etudiant'),
(160325, '362549', '2122I080', '', 'Etudiant'),
(160324, '254807', '2122I077', '', 'Etudiant'),
(160323, '975793', '2122I073', '', 'Etudiant'),
(160322, '505106', '2122I110', '', 'Etudiant'),
(160321, '891334', '2122I140', '', 'Etudiant'),
(160320, '812545', '2122I052', '', 'Etudiant'),
(160319, '993120', '2122I138', '', 'Etudiant'),
(160318, '536605', '2122I105', '', 'Etudiant'),
(160317, '360143', '2122I066', '', 'Etudiant'),
(160316, '702604', '2122I018', '', 'Etudiant'),
(160315, '199301', '2122I028', '', 'Etudiant'),
(160314, '704412', '2122I006', '', 'Etudiant'),
(160313, '540802', '2122I100', '', 'Etudiant'),
(160312, '477778', '2122I054', '', 'Etudiant'),
(159688, '996557', '2122I133', '', 'Etudiant'),
(159687, '462868', '2122I097', '', 'Etudiant'),
(159686, '913160', '2122I094', '', 'Etudiant'),
(159685, '658776', '2122I093', '', 'Etudiant'),
(159684, '214210', '2122I150', '', 'Etudiant'),
(159683, '414435', '2122I091', '', 'Etudiant'),
(159682, '221265', '2122I149', '', 'Etudiant'),
(159681, '715607', '2122I120', '', 'Etudiant'),
(159680, '204544', '2122I086', '', 'Etudiant'),
(159679, '816865', '2122I085', '', 'Etudiant'),
(159678, '433840', '2122I081', '', 'Etudiant'),
(159677, '313693', '2122I117', '', 'Etudiant'),
(159676, '776098', '2122I079', '', 'Etudiant'),
(159675, '635987', '2122I115', '', 'Etudiant'),
(159674, '251679', '2122I114', '', 'Etudiant'),
(159673, '352411', '2122I074', '', 'Etudiant'),
(159672, '590138', '2122I143', '', 'Etudiant'),
(159671, '703025', '2122I072', '', 'Etudiant'),
(159670, '800457', '2122I111', '', 'Etudiant'),
(159669, '506246', '2122I109', '', 'Etudiant'),
(159668, '362730', '2122I070', '', 'Etudiant'),
(159667, '427905', '2122I107', '', 'Etudiant'),
(159666, '517122', '2122I069', '', 'Etudiant'),
(159665, '116178', '2122I068', '', 'Etudiant'),
(159664, '941038', '2122I135', '', 'Etudiant'),
(159663, '172469', '2122I101', '', 'Etudiant'),
(159662, '861239', '2122I063', '', 'Etudiant'),
(110108, '809543', '2021m181', '', 'Etudiant'),
(110107, '856396', '2021m191', '', 'Etudiant'),
(110106, '911837', '2021m172', '', 'Etudiant'),
(110105, '701205', '2021m164', '', 'Etudiant'),
(110104, '121134', '2021m166', '', 'Etudiant'),
(110103, '906962', '2021m178', '', 'Etudiant'),
(110102, '154702', '2021m169', '', 'Etudiant'),
(110101, '871897', '2021m183', '', 'Etudiant'),
(110100, '924465', '2021m160', '', 'Etudiant'),
(110099, '819266', '2021m158', '', 'Etudiant'),
(110098, '107115', '2021m163', '', 'Etudiant'),
(110097, '911800', '2021m193', '', 'Etudiant'),
(110096, '826363', '2021m155', '', 'Etudiant'),
(110095, '272241', '2021m150', '', 'Etudiant'),
(110094, '579610', '2021m151', '', 'Etudiant'),
(33446, '841381', '2021i139', '', 'Etudiant'),
(33447, '221019', '2021i007', '', 'Etudiant'),
(33448, '821656', '2021i045', '', 'Etudiant'),
(33449, '452924', '2021i130', '', 'Etudiant'),
(33450, '733918', '2021i079', '', 'Etudiant'),
(33567, '574271', '2021L007', '', 'Etudiant'),
(33566, '891576', '2021L018', '', 'Etudiant'),
(33569, '429438', '2021L049', '', 'Etudiant'),
(33563, '', '2021L030', '', 'Etudiant'),
(33561, '406190', '2021L011', '', 'Etudiant'),
(33562, '972630', '2021L026', '', 'Etudiant'),
(33565, '421330', '2021L053', '', 'Etudiant'),
(33564, '671254', '2021L052', '', 'Etudiant'),
(33558, '522495', '2021L042', '', 'Etudiant'),
(33556, '958612', '2021L032', '', 'Etudiant'),
(33557, '862103', '2021L006', '', 'Etudiant'),
(33560, '141146', '2021L020', '', 'Etudiant'),
(33559, '176512', '2021L057', '', 'Etudiant'),
(33553, '971193', '2021L031', '', 'Etudiant'),
(33551, '879235', '2021L073', '', 'Etudiant'),
(33552, '147185', '2021L029', '', 'Etudiant'),
(33555, '707028', '2021L001', '', 'Etudiant'),
(33554, '163558', '2021L017', '', 'Etudiant'),
(33498, '963083', '2021L065', '', 'Etudiant'),
(33496, '477415', '2021L010', '', 'Etudiant'),
(33497, '554947', '2021L027', '', 'Etudiant'),
(33500, '229047', '2021L044', '', 'Etudiant'),
(33499, '361772', '2021L039', '', 'Etudiant'),
(33493, '406362', '2021L038', '', 'Etudiant'),
(33491, '349780', '2021i132', '', 'Etudiant'),
(33492, '773415', '2021i110', '', 'Etudiant'),
(33494, '', '2021L072', '', 'Etudiant'),
(33488, '690064', '2021i075', '', 'Etudiant'),
(33486, '721116', '2021i073', '', 'Etudiant'),
(33487, '612544', '2021i118', '', 'Etudiant'),
(33490, '490368', '2021i041', '', 'Etudiant'),
(33489, '509567', '2021i121', '', 'Etudiant'),
(33483, '288998', '2021i071', '', 'Etudiant'),
(33481, '681424', '2021i133', '', 'Etudiant'),
(33482, '489018', '2021i070', '', 'Etudiant'),
(33485, '573027', '2021i072', '', 'Etudiant'),
(33451, '', '2021i047', '', 'Etudiant'),
(33452, '302006', '2021i081', '', 'Etudiant'),
(33453, '282164', '2021i012', '', 'Etudiant'),
(33454, '522992', '2021i016', '', 'Etudiant'),
(33455, '744173', '2021i052', '', 'Etudiant'),
(33456, '250822', '2021i134', '', 'Etudiant'),
(33457, '916209', '2021i020', '', 'Etudiant'),
(33458, '594668', '2021i087', '', 'Etudiant'),
(33459, '222001', '2021i088', '', 'Etudiant'),
(33460, '290169', '2021i022', '', 'Etudiant'),
(33461, '568137', '2021i055', '', 'Etudiant'),
(33462, '116244', '2021i089', '', 'Etudiant'),
(33463, '543195', '2021i126', '', 'Etudiant'),
(33464, '201911', '2021i092', '', 'Etudiant'),
(33465, '151402', '2021i123', '', 'Etudiant'),
(33466, '828106', '2021i136', '', 'Etudiant'),
(33467, '871182', '2021i096', '', 'Etudiant'),
(33468, '493553', '2021i097', '', 'Etudiant'),
(33469, '111827', '2021i098', '', 'Etudiant'),
(33470, '403595', '2021i138', '', 'Etudiant'),
(33471, '812669', '2021i060', '', 'Etudiant'),
(33472, '111746', '2021i103', '', 'Etudiant'),
(33473, '732246', '2021i104', '', 'Etudiant'),
(33474, '108534', '2021i105', '', 'Etudiant'),
(33475, '123489', '2021i029', '', 'Etudiant'),
(33476, '406819', '2021i030', '', 'Etudiant'),
(33477, '694278', '2021i107', '', 'Etudiant'),
(33478, '920734', '2021i109', '', 'Etudiant'),
(31852, '65739', '1718L034', '', 'Etudiant'),
(20029, '3213', '1617L35', '', 'Etudiant'),
(20027, '4892', '1617I58', '', 'Etudiant'),
(20026, '6419', '1819i116', '', 'Etudiant'),
(20024, '9139', '1617I56', '', 'Etudiant'),
(795, '8525', '1819L007', '', 'Etudiant'),
(793, '9247', '1819L005', '', 'Etudiant'),
(791, '4341', '1819L041', '', 'Etudiant'),
(789, '66287', '1819L037', '', 'Etudiant'),
(787, '2725', '1819L003', '', 'Etudiant'),
(785, '6787', '1819L001', '', 'Etudiant'),
(783, '3875', '1819L019', '', 'Etudiant'),
(781, '1163', '1920L017', '', 'Etudiant'),
(779, '3714', '1920L035', '', 'Etudiant'),
(777, '3246', '1920L016', '', 'Etudiant'),
(775, '8543', '1920L028', '', 'Etudiant'),
(773, '7494', '1920L013', '', 'Etudiant'),
(771, '8961', '1920L031', '', 'Etudiant'),
(769, '8718', '1920L030', '', 'Etudiant'),
(767, '1908', '1920L010', '', 'Etudiant'),
(765, '6124', '1920L009', '', 'Etudiant'),
(764, '9432', '1920L008', '', 'Etudiant'),
(762, '2613', '1819L004', '', 'Etudiant'),
(760, '2632', '1920L021', '', 'Etudiant'),
(758, '4282', '1920L004', '', 'Etudiant'),
(756, '1207', '1920L002', '', 'Etudiant'),
(754, '4862', '1920L034', '', 'Etudiant'),
(752, '7433', '1819i043', '', 'Etudiant'),
(750, '2225', '1819i044', '', 'Etudiant'),
(748, '4744', '1819i042', '', 'Etudiant'),
(746, '1189', '1819i034', '', 'Etudiant'),
(744, '3370', '1718i020', '', 'Etudiant'),
(743, '4699', '1819i028', '', 'Etudiant'),
(741, '7245', '1819i073', '', 'Etudiant'),
(739, '4445', '1819i027', '', 'Etudiant'),
(737, '3643', '1819i018', '', 'Etudiant'),
(735, '5737', '1819i047', '', 'Etudiant'),
(733, '6873', '1819i026', '', 'Etudiant'),
(731, '1564', '1819i041', '', 'Etudiant'),
(729, '6460', '1819i025', '', 'Etudiant'),
(727, '7138', '1819i036', '', 'Etudiant'),
(725, '2756', '1819i054', '', 'Etudiant'),
(723, '7277', '1819i032', '', 'Etudiant'),
(721, '9132', '1819i010', '', 'Etudiant'),
(719, '6071', '1819i049', '', 'Etudiant'),
(716, '8761', '1819i066', '', 'Etudiant'),
(714, '7520', '1819i035', '', 'Etudiant'),
(712, '2498', '1819i058', '', 'Etudiant'),
(710, '9365', '1819i009', '', 'Etudiant'),
(708, '4609', '1718i038', '', 'Etudiant'),
(706, '6778', '1819i067', '', 'Etudiant'),
(704, '4041', '1819i038', '', 'Etudiant'),
(702, '1650', '1819i007', '', 'Etudiant'),
(603, '24953', '1718i008', '', 'Etudiant'),
(601, '60197', '1718i039', '', 'Etudiant'),
(599, '84311', '1718i072', '', 'Etudiant'),
(598, '73644', '1718i051', '', 'Etudiant'),
(596, '64290', '1819I108', '', 'Etudiant'),
(594, '57541', '1718i026', '', 'Etudiant'),
(592, '84333', '1718i056', '', 'Etudiant'),
(590, '51644', '1718i075', '', 'Etudiant'),
(588, '49657', '1718i041', '', 'Etudiant'),
(586, '29093', '1718i032', '', 'Etudiant'),
(584, '35902', '1920i119', '', 'Etudiant'),
(582, '62562', '1920i118', '', 'Etudiant'),
(580, '54678', '1718i089', '', 'Etudiant'),
(578, '85676', '1920i117', '', 'Etudiant'),
(576, '74417', '1920i116', '', 'Etudiant'),
(574, '67584', '1718i029', '', 'Etudiant'),
(572, '94409', '1718i047', '', 'Etudiant'),
(570, '21799', '1718i005', '', 'Etudiant'),
(568, '45532', '1718i061', '', 'Etudiant'),
(566, '23700', '1718i024', '', 'Etudiant'),
(564, '54976', '1718i003', '', 'Etudiant'),
(562, '93427', '1718i074', '', 'Etudiant'),
(560, '11127', '1718i059', '', 'Etudiant'),
(558, '4735', '1920i112', '', 'Etudiant'),
(556, '10485', '1718i087', '', 'Etudiant'),
(554, '72792', '1718i084', '', 'Etudiant'),
(552, '92508', '1920i110', '', 'Etudiant'),
(8523, '7803', '1920i090', '', 'Etudiant'),
(8521, '3639', '1920i088', '', 'Etudiant'),
(8519, '1107', '1920i086', '', 'Etudiant'),
(8517, '6822', '1920i083', '', 'Etudiant'),
(8515, '8502', '1920i081', '', 'Etudiant'),
(8513, '3283', '1920i078', '', 'Etudiant'),
(8511, '8247', '1920i076', '', 'Etudiant'),
(8509, '3427', '1920i073', '', 'Etudiant'),
(8507, '9427', '1920i071', '', 'Etudiant'),
(8505, '1913', '1920i069', '', 'Etudiant'),
(8503, '1901', '1920i064', '', 'Etudiant'),
(8501, '4211', '1920i062', '', 'Etudiant'),
(8499, '7925', '1920i060', '', 'Etudiant'),
(8497, '9665', '1920i057', '', 'Etudiant'),
(8495, '6102', '1819i017', '', 'Etudiant'),
(8493, '7194', '1920i052', '', 'Etudiant'),
(8491, '3121', '1920i047', '', 'Etudiant'),
(8489, '3942', '1920i045', '', 'Etudiant'),
(8487, '8543', '1819i029', '', 'Etudiant'),
(8485, '4738', '1920i040', '', 'Etudiant'),
(8483, '3433', '1920i036', '', 'Etudiant'),
(8481, '6089', '1920i028', '', 'Etudiant'),
(8479, '6041', '1920i026', '', 'Etudiant'),
(8477, '3634', '1920i023', '', 'Etudiant'),
(8475, '9052', '1920i018', '', 'Etudiant'),
(52, '161616', '1616i016', 'tehem@gmail.com', 'Etudiant'),
(102, '171717', '1717i013', 'david@gmail.com', 'Etudiant'),
(110089, '848753', '2021m187', '', 'Etudiant'),
(110090, '197279', '2021m154', '', 'Etudiant'),
(110091, '331137', '2021m156', '', 'Etudiant'),
(110092, '185535', '2021m167', '', 'Etudiant'),
(110093, '598960', '2021m194', '', 'Etudiant'),
(8461, '7333', '1920i001', '', 'Etudiant'),
(2, '1515', '1515i013', 'franck@gmail.com', 'Etudiant'),
(161028, '887857', '2122I059', '', 'Etudiant'),
(161029, '135001', '2122I047', '', 'Etudiant'),
(161030, '863361', '2122I051', '', 'Etudiant'),
(161031, '115346', '2122I146', '', 'Etudiant'),
(161032, '924472', '2122I148', '', 'Etudiant'),
(161033, '963018', '2122I084', '', 'Etudiant'),
(161034, '788483', '2122I119', '', 'Etudiant'),
(161035, '665929', '2122I088', '', 'Etudiant'),
(161036, '889192', '2122I041', '', 'Etudiant'),
(161037, '990678', '2122I009', '', 'Etudiant'),
(161038, '862211', '2122I122', '', 'Etudiant'),
(161039, '660903', '2122I124', '', 'Etudiant'),
(161040, '693815', '2122I029', '', 'Etudiant'),
(161041, '371237', '2122I126', '', 'Etudiant'),
(161042, '450493', '2122I053', '', 'Etudiant'),
(161043, '503701', '2122I130', '', 'Etudiant'),
(161044, '397674', '2122I049', '', 'Etudiant'),
(161045, '159898', '2122I003', '', 'Etudiant'),
(161046, '276876', '2122I156', '', 'Etudiant'),
(161047, '355833', '2122I025', '', 'Etudiant'),
(163812, '458721', '2122L014', '', 'Etudiant'),
(163813, '851547', '2122L029', '', 'Etudiant'),
(163814, '532599', '2122L016', '', 'Etudiant'),
(163815, '183290', '2122L036', '', 'Etudiant'),
(163816, '930885', '2122L001', '', 'Etudiant'),
(163817, '939281', '2122l030', '', 'Etudiant'),
(163818, '420240', '2122L038', '', 'Etudiant'),
(163819, '701683', '2122L020', '', 'Etudiant'),
(176763, '2122L002', '2122L002', '', 'Etudiant'),
(163821, '257473', '2122L003', '', 'Etudiant'),
(163822, '156496', '2122L035', '', 'Etudiant'),
(163823, '664778', '2122L004', '', 'Etudiant'),
(163824, '236664', '2122L042', '', 'Etudiant'),
(163825, '405374', '2122L037', '', 'Etudiant'),
(163826, '801460', '2122L039', '', 'Etudiant'),
(163827, '475627', '2122L017', '', 'Etudiant'),
(163828, '384649', '2122L015', '', 'Etudiant'),
(163829, '750110', '2122L021', '', 'Etudiant'),
(163830, '687950', '2122L031', '', 'Etudiant'),
(163831, '193343', '2122L007', '', 'Etudiant'),
(163833, '829248', '2122L008', '', 'Etudiant'),
(163834, '764934', '2122L018', '', 'Etudiant'),
(163835, '152761', '2122L019', '', 'Etudiant'),
(163836, '243279', '2122L023', '', 'Etudiant'),
(163837, '970269', '2122L033', '', 'Etudiant'),
(163838, '132245', '2122L011', '', 'Etudiant'),
(163839, '936375', '2122L024', '', 'Etudiant'),
(163840, '693299', '2122L025', '', 'Etudiant'),
(163841, '353343', '2122L040', '', 'Etudiant'),
(163842, '843253', '2122L026', '', 'Etudiant'),
(163843, '171041', '2122L027', '', 'Etudiant'),
(163844, '431909', '2122L012', '', 'Etudiant'),
(163845, '561824', '2122L032', '', 'Etudiant'),
(163846, '799173', '2122L041', '', 'Etudiant'),
(163832, '163831', '2122L022', '', 'Etudiant'),
(175162, '990074', '2122m195', '', 'Etudiant'),
(175164, '172304', '2122m162', '', 'Etudiant'),
(175165, '654733', '2122m150', '', 'Etudiant'),
(175166, '937789', '2122m196', '', 'Etudiant'),
(175167, '984859', '2122m151', '', 'Etudiant'),
(175168, '693108', '2122m198', '', 'Etudiant'),
(175169, '950607', '2122m152', '', 'Etudiant'),
(175170, '295110', '2122m197', '', 'Etudiant'),
(175171, '238669', '2122m163', '', 'Etudiant'),
(175172, '255056', '2122m164', '', 'Etudiant'),
(175174, '889063', '2122m193', '', 'Etudiant'),
(175175, '523893', '2122m165', '', 'Etudiant'),
(175176, '553336', '2122m153', '', 'Etudiant'),
(175177, '174914', '2122m166', '', 'Etudiant'),
(175178, '137599', '2122m167', '', 'Etudiant'),
(175179, '750193', '2122m168', '', 'Etudiant'),
(175180, '195262', '2122m169', '', 'Etudiant'),
(175181, '325314', '2122m194', '', 'Etudiant'),
(175182, '584437', '2122m154', '', 'Etudiant'),
(175183, '541655', '2122m155', '', 'Etudiant'),
(175184, '302030', '2122m170', '', 'Etudiant'),
(175185, '433298', '2122m156', '', 'Etudiant'),
(175186, '562328', '2122m157', '', 'Etudiant'),
(175187, '269582', '2122m171', '', 'Etudiant'),
(175188, '701764', '2122m158', '', 'Etudiant'),
(175189, '788120', '2122m172', '', 'Etudiant'),
(175190, '159671', '2122m173', '', 'Etudiant'),
(175191, '172427', '2122m174', '', 'Etudiant'),
(175192, '568914', '2122m159', '', 'Etudiant'),
(175193, '705509', '2122m160', '', 'Etudiant'),
(175194, '395274', '2122m175', '', 'Etudiant'),
(175195, '858378', '2122m176', '', 'Etudiant'),
(175196, '146474', '2122m161', '', 'Etudiant'),
(209519, '2122L034', '2122L034', '', 'Etudiant'),
(209359, '2122L009', '2122L009', '', 'Etudiant'),
(175962, '964999', '2122I067', '', 'Etudiant'),
(176162, '329776', '2122i322', '', 'Etudiant'),
(176163, '321452', '2122i325', '', 'Etudiant'),
(176164, '670705', '2122i323', '', 'Etudiant'),
(176165, '852819', '2122i321', '', 'Etudiant'),
(176166, '180604', '2122i326', '', 'Etudiant'),
(176167, '235533', '2122i329', '', 'Etudiant'),
(176168, '908997', '2122i327', '', 'Etudiant'),
(178587, '2122i331', '2122i331', '', 'Etudiant'),
(222350, '2122I039', '2122I039', '', 'Etudiant'),
(402, '1919', '1919i013', 'dimognetehem@gmail.com', 'Etudiant');

-- --------------------------------------------------------

--
-- Structure de la table `etudiant_seq`
--

CREATE TABLE `etudiant_seq` (
  `next_val` bigint(20) DEFAULT NULL
) ENGINE=InnoDB DEFAULT CHARSET=utf8mb4 COLLATE=utf8mb4_general_ci;

--
-- Déchargement des données de la table `etudiant_seq`
--

INSERT INTO `etudiant_seq` (`next_val`) VALUES
(601);

-- --------------------------------------------------------

--
-- Structure de la table `intervention`
--

CREATE TABLE `intervention` (
  `code_int` bigint(20) NOT NULL,
  `intitule` varchar(255) DEFAULT NULL,
  `code_etud` bigint(20) DEFAULT NULL,
  `code_dep` bigint(20) DEFAULT NULL,
  `details` varchar(255) DEFAULT NULL,
  `piecejointe` varbinary(255) DEFAULT NULL,
  `statut_int` varchar(255) DEFAULT NULL
) ENGINE=MyISAM DEFAULT CHARSET=utf8mb4 COLLATE=utf8mb4_general_ci;

--
-- Déchargement des données de la table `intervention`
--

INSERT INTO `intervention` (`code_int`, `intitule`, `code_etud`, `code_dep`, `details`, `piecejointe`, `statut_int`) VALUES
(102, 'Matériel', 52, 102755, 'Besoin d\'un kit arduino pour les projets de fin d\'année', 0xaced00057372000c6a6176612e696f2e46696c65042da4450e0de4ff0300014c0004706174687400124c6a6176612f6c616e672f537472696e673b78707400007702005c78, 'Publié'),
(152, 'Panne Wifi', 402, 102755, 'Wifi classe ING3ISI en panne', 0xaced00057372000c6a6176612e696f2e46696c65042da4450e0de4ff0300014c0004706174687400124c6a6176612f6c616e672f537472696e673b78707400007702005c78, 'Publié'),
(202, 'Problème de notes', 402, 102754, 'Je méritais d\'avoir 20/20 en projet tutoré ', 0xaced00057372000c6a6176612e696f2e46696c65042da4450e0de4ff0300014c0004706174687400124c6a6176612f6c616e672f537472696e673b7870740014737461722d7376677265706f2d636f6d2e706e677702005c78, 'En cours'),
(302, 'bdgd', 8463, 102753, 'hfhfhf', 0xaced00057372000c6a6176612e696f2e46696c65042da4450e0de4ff0300014c0004706174687400124c6a6176612f6c616e672f537472696e673b787074000a37386b7a796b2e6a70677702005c78, 'En cours'),
(352, 'Test', 8463, 102755, 'Absence matériel', 0xaced00057372000c6a6176612e696f2e46696c65042da4450e0de4ff0300014c0004706174687400124c6a6176612f6c616e672f537472696e673b787074000f64657620706963202833292e6a70677702005c78, 'Publié');

-- --------------------------------------------------------

--
-- Structure de la table `intervention_seq`
--

CREATE TABLE `intervention_seq` (
  `next_val` bigint(20) DEFAULT NULL
) ENGINE=InnoDB DEFAULT CHARSET=utf8mb4 COLLATE=utf8mb4_general_ci;

--
-- Déchargement des données de la table `intervention_seq`
--

INSERT INTO `intervention_seq` (`next_val`) VALUES
(451);

-- --------------------------------------------------------

--
-- Structure de la table `piece_jointe`
--

CREATE TABLE `piece_jointe` (
  `id_pj` bigint(20) NOT NULL,
  `nom_pj` varchar(255) NOT NULL,
  `type_pj` varchar(50) NOT NULL
) ENGINE=InnoDB DEFAULT CHARSET=utf8mb4 COLLATE=utf8mb4_general_ci;

-- --------------------------------------------------------

--
-- Structure de la table `utilisateur`
--

CREATE TABLE `utilisateur` (
  `code_utilisateur` bigint(20) NOT NULL,
  `date_creation` datetime(6) DEFAULT NULL,
  `date_modification` datetime(6) DEFAULT NULL,
  `date_naissance` datetime(6) DEFAULT NULL,
  `mail_user` varchar(255) NOT NULL,
  `login` varchar(255) NOT NULL,
  `mot_de_passe` varchar(255) NOT NULL,
  `nom` varchar(255) NOT NULL,
  `prenom` varchar(255) DEFAULT NULL,
  `sexe` varchar(255) NOT NULL,
  `signature` varchar(255) DEFAULT NULL,
  `statut` varchar(255) NOT NULL,
  `statut_vie` varchar(255) NOT NULL,
  `telephone` varchar(255) NOT NULL,
  `roles` varchar(255) DEFAULT NULL,
  `code_dep` bigint(20) DEFAULT NULL
) ENGINE=MyISAM DEFAULT CHARSET=latin1 COLLATE=latin1_swedish_ci ROW_FORMAT=DYNAMIC;

--
-- Déchargement des données de la table `utilisateur`
--

INSERT INTO `utilisateur` (`code_utilisateur`, `date_creation`, `date_modification`, `date_naissance`, `mail_user`, `login`, `mot_de_passe`, `nom`, `prenom`, `sexe`, `signature`, `statut`, `statut_vie`, `telephone`, `roles`, `code_dep`) VALUES
(1, '2019-04-08 12:52:09.000000', '2019-05-19 11:51:08.000000', '1990-04-09 00:00:00.000000', 'moupojouemma@gmail.com', 'admin', 'BA-32-53-87-6A-ED-6B-C2-2D-4A-6F-F5-3D-84-6-C6-AD-86-41-95-ED-14-4A-B5-C8-76-21-B6-C2-33-B5-48-BA-EA-E6-95-6D-F3-46-EC-8C-17-F5-EA-10-F3-5E-E3-CB-C5-14-79-7E-D7-DD-D3-14-54-64-E2-A0-BA-B4-13', 'Default', 'User', 'FEMININ', '853839448', 'NONACTIVE', 'ACTIVE', '694628998', NULL, NULL),
(101, '2020-01-10 10:39:14.000000', '2020-01-10 11:00:00.000000', '1989-01-24 00:00:00.000000', 'emmanuel.moupojou@institutsaintjean.org', 'emmanuel', 'FE-73-F1-7F-E8-1E-21-D7-AE-4A-41-14-9D-E3-1C-89-D7-C4-87-60-53-57-A2-D9-5-3B-E6-4B-ED-40-75-7A-A6-DC-20-6A-DC-D5-61-88-4-34-D7-1C-2D-A7-43-7B-D-E8-2A-CA-20-46-1D-96-9D-45-F7-2B-CE-3D-6F-F0', 'Moupojou', 'Emmanuel', 'MASCULIN', '1436425768', 'ACTIVE', 'ACTIVE', '673807864', NULL, NULL),
(202, '2020-01-10 11:05:02.000000', '2020-01-10 11:05:02.000000', '2020-01-09 00:00:00.000000', 'yannickongono@gmail.com', 'oyannick', '60-F3-2B-B8-E4-36-2E-9D-97-6E-42-F-26-81-B9-13-B9-5E-BD-33-5-6F-7-5D-92-C1-F7-43-CA-17-E8-2F-D5-22-1D-A4-F4-4B-5F-66-6C-6-E3-37-13-3F-5B-54-42-92-B5-BF-C7-C5-A7-52-35-5E-57-B6-E8-B3-E2-66', 'Ongono', 'Yannick', 'MASCULIN', '800487718', 'ACTIVE', 'ACTIVE', '699729633', NULL, NULL),
(203, '2020-01-10 11:11:09.000000', '2020-01-10 11:11:32.000000', '2020-01-09 00:00:00.000000', 'gilles.teguem@gmail.com', 'tgilles', 'CF-F7-30-CB-8A-D5-A5-31-A4-77-42-5A-DD-57-24-27-C5-1E-3F-E1-C3-77-29-3D-AD-96-66-68-BF-63-B5-DF-FB-CE-21-4D-EE-BB-49-E6-F5-D0-9F-1F-2D-8C-AA-CD-33-B3-1E-4E-89-6F-CE-23-85-CD-C-EA-13-95-8-82', 'Teguem', 'Gilles', 'MASCULIN', '-1861876682', 'ACTIVE', 'ACTIVE', '657660351', NULL, NULL),
(204, '2020-01-10 11:13:48.000000', '2020-01-10 11:14:09.000000', '2020-01-09 00:00:00.000000', 'cheikh.kacfah@gmail.com', 'kcheikh', '83-31-D-D-C-47-C0-A5-92-46-94-C1-88-45-5A-D-B-5B-30-DC-4B-AC-26-86-DF-D1-98-FC-C-E2-FB-A2-F3-94-7-9C-BB-34-F6-6D-E8-C6-B6-4E-3A-60-C5-88-DD-1E-58-F2-7A-FA-61-96-A0-D9-28-39-1-E2-14-AD', 'Cheikh', 'Kacfah', 'MASCULIN', '91053830', 'ACTIVE', 'ACTIVE', '656709838', NULL, NULL),
(205, '2020-01-10 11:16:23.000000', '2020-01-10 11:16:23.000000', '2020-01-09 00:00:00.000000', 'tapiguedelphin@yahoo.fr', 'dtapigue', 'C0-3D-D3-CE-DB-5B-7A-3A-35-54-91-DC-9-32-A7-57-27-B4-3-E6-46-B-FA-13-1C-88-A8-3-AC-84-EF-AB-96-43-19-B-46-79-86-AD-EC-A1-1F-2A-52-2F-B-D8-CE-27-33-AF-B8-B0-91-87-A8-85-BA-8-2E-AB-98-9F', 'Tapigue', 'Delphin', 'MASCULIN', '-1691370183', 'ACTIVE', 'ACTIVE', '699809233', NULL, NULL),
(32552, '2020-11-13 13:11:08.000000', '2021-05-03 07:51:51.000000', '1962-10-06 00:00:00.000000', 'pjhdf@yahoo.fr', 'pjhdf', 'F-39-E9-11-D1-35-3A-5E-50-32-AF-35-1B-B6-26-5F-E7-FB-FA-9A-96-E-F6-A3-28-95-60-92-45-FD-96-70-AA-AD-3E-E6-53-C6-73-DF-A-76-1E-33-DA-65-97-64-1A-90-F6-B5-40-CF-9C-6B-B4-51-E3-BE-49-79-CB-DA', 'Pere Jean Herve', '', 'MASCULIN', '-1333641587', 'ACTIVE', 'ACTIVE', '699685866', NULL, NULL),
(32752, '2020-11-16 13:58:36.000000', '2020-11-16 13:58:40.000000', '1984-12-03 00:00:00.000000', 'ngonogeorges1963@gmail.com', 'turbo', 'EB-D2-78-3E-CB-7D-19-A3-3E-E9-A7-7D-1A-6E-20-E0-4E-26-C5-1D-9D-70-1A-FE-99-CE-3C-F0-4D-18-9A-D1-D7-19-48-26-C4-58-D-EE-E-81-4C-51-A0-FE-D4-C3-CF-89-6-BA-15-83-40-C8-57-2D-FF-5A-AA-71-6B-F9', 'ngono', 'georges marcel', 'MASCULIN', '-893380796', 'ACTIVE', 'ACTIVE', '699513322', NULL, NULL),
(104120, '2021-01-27 10:12:00.000000', '2021-01-27 12:04:48.000000', '1996-11-05 00:00:00.000000', 'maxime.fodjo@institutsaintjean.org', 'maxime', 'B5-80-FF-73-BC-1-B7-B7-A7-45-DD-16-AE-5A-36-EB-87-36-4D-0-BB-9A-4D-30-39-6E-81-16-F2-B4-9E-68-AF-BE-FC-6F-49-14-F8-94-6D-83-49-99-47-A5-DA-43-49-DD-AD-F3-84-D3-11-72-11-52-26-59-36-F9-68-FB', 'Fodjo', 'Maxime', 'MASCULIN', '1488593117', 'ACTIVE', 'ACTIVE', '656531071', NULL, NULL),
(104127, '2021-01-27 10:20:57.000000', '2021-01-27 10:20:58.000000', '1996-02-02 00:00:00.000000', 'keisper.tiyouh@institutsaintjean.org', 'keisper', 'C6-30-E6-F9-D4-87-CB-CC-51-BC-94-57-A8-37-8B-E9-97-CD-4C-85-A7-63-60-5C-B5-32-A7-31-A4-87-BB-71-F1-41-F5-D6-89-D-D8-91-ED-7A-4B-F3-5E-69-63-46-18-E1-FD-A6-E7-1E-15-45-2-8A-A-72-97-B1-A3-E1', 'Tiyouh', 'Keisper', 'MASCULIN', '-2021984363', 'ACTIVE', 'ACTIVE', '690123155', NULL, NULL),
(157462, '2021-10-28 11:43:54.000000', '2021-10-28 11:43:58.000000', '1986-10-09 00:00:00.000000', '', 'madeleine', 'A8-CD-75-84-F9-5-44-34-D0-32-37-9A-94-BC-C0-69-E4-6C-12-D6-FD-40-B-54-40-3E-54-70-31-4C-49-23-BC-BE-6A-EB-DB-4E-BC-AE-A4-DA-69-2E-A7-ED-95-15-CF-1E-53-C9-87-5A-6E-95-84-D7-A0-E6-21-C5-EB-CD', 'Tchaptet', 'Madeleine', 'FEMININ', '70339511', 'ACTIVE', 'ACTIVE', '', NULL, NULL),
(157466, '2021-10-28 11:48:58.000000', '2021-10-28 11:48:59.000000', '2021-10-27 00:00:00.000000', 'bouli@isj.org', 'edwige', 'E6-44-83-5F-DD-60-70-C8-AB-7E-2F-63-DB-F9-2B-D-19-44-BC-B6-16-C0-E1-90-3B-F4-31-F7-30-6-3C-13-68-BD-AD-BD-2A-75-13-57-2F-16-E4-36-84-A2-65-2D-26-66-10-D7-F3-E6-82-F3-93-95-11-4F-55-39-CF-58', 'Bouli', 'Edwige', 'FEMININ', '-1334520030', 'ACTIVE', 'ACTIVE', '224422424', NULL, NULL),
(157467, '2020-01-10 10:39:14.000000', '2020-01-10 11:00:00.000000', '1989-01-24 00:00:00.000000', 'isj_staff@institutsaintjean.org', 'isj_staff', '1F-40-FC-92-DA-24-16-94-75-9-79-EE-6C-F5-82-F2-D5-D7-D2-8E-18-33-5D-E0-5A-BC-54-D0-56-E-F-53-2-86-C-65-2B-F0-8D-56-2-52-AA-5E-74-21-5-46-F3-69-FB-BB-CE-8C-12-CF-C7-95-7B-26-52-FE-9A-75', 'isj_staff', 'isj_staff', 'MASCULIN', '143642576856', 'ACTIVE', 'ACTIVE', '000000000', NULL, NULL),
(189962, '2022-08-10 14:32:29.000000', '2022-08-10 14:32:31.000000', '2022-08-09 00:00:00.000000', 'brice.elono@institutsaintjean.org', 'ebrice', 'EB-A6-2A-9E-5B-67-73-EE-6E-16-B0-47-E0-BD-A7-7F-32-A8-EA-33-8B-E0-11-58-2C-84-C-CA-9C-36-B0-98-9E-69-F2-30-7E-61-31-6F-B8-38-9D-33-8E-E-C2-99-16-D6-81-CB-26-A7-8F-C6-10-F9-98-EC-EE-F7-44-4D', 'Elono', 'Brice', 'MASCULIN', '-1351473886', 'ACTIVE', 'ACTIVE', '670283480', NULL, NULL),
(352, NULL, NULL, NULL, 'test@gmail.com', 'test', 'azerty', 'Test', NULL, 'MASCULIN', NULL, 'ACTIVE', 'ACTIVE', '677788081', 'Personnel', NULL),
(353, NULL, NULL, NULL, 'admin@gmail.com', 'admintest', 'qsdfgh', 'Admin', NULL, 'MASCULIN', NULL, 'ACTIVE', 'ACTIVE', '696660824', 'Admin', NULL);

-- --------------------------------------------------------

--
-- Structure de la table `utilisateur_departement`
--

CREATE TABLE `utilisateur_departement` (
  `code_utilisateur` bigint(20) NOT NULL,
  `code_dep` bigint(20) NOT NULL,
  `created_by` varchar(20) DEFAULT NULL,
  `created_date` varchar(20) DEFAULT NULL,
  `modified_by` varchar(20) DEFAULT NULL,
  `updated_date` varchar(20) DEFAULT NULL
) ENGINE=MyISAM DEFAULT CHARSET=latin1 COLLATE=latin1_swedish_ci ROW_FORMAT=FIXED;

--
-- Déchargement des données de la table `utilisateur_departement`
--

INSERT INTO `utilisateur_departement` (`code_utilisateur`, `code_dep`, `created_by`, `created_date`, `modified_by`, `updated_date`) VALUES
(101, 103102, NULL, NULL, NULL, NULL),
(204, 102755, NULL, NULL, NULL, NULL),
(205, 103102, NULL, NULL, NULL, NULL),
(32552, 103102, NULL, NULL, NULL, NULL),
(32752, 102753, NULL, NULL, NULL, NULL),
(32752, 102755, NULL, NULL, NULL, NULL),
(104120, 102755, NULL, NULL, NULL, NULL),
(104127, 102755, NULL, NULL, NULL, NULL),
(157462, 157467, NULL, NULL, NULL, NULL),
(157466, 157467, NULL, NULL, NULL, NULL),
(157467, 103102, NULL, NULL, NULL, NULL);

-- --------------------------------------------------------

--
-- Structure de la table `utilisateur_seq`
--

CREATE TABLE `utilisateur_seq` (
  `next_val` bigint(20) DEFAULT NULL
) ENGINE=InnoDB DEFAULT CHARSET=utf8mb4 COLLATE=utf8mb4_general_ci;

--
-- Déchargement des données de la table `utilisateur_seq`
--

INSERT INTO `utilisateur_seq` (`next_val`) VALUES
(251);

--
-- Index pour les tables déchargées
--

--
-- Index pour la table `departement`
--
ALTER TABLE `departement`
  ADD PRIMARY KEY (`code_dep`),
  ADD UNIQUE KEY `signature` (`signature`) USING BTREE,
  ADD KEY `modificateur` (`modificateur`),
  ADD KEY `FK_role_createur` (`createur`) USING BTREE;

--
-- Index pour la table `etudiant`
--
ALTER TABLE `etudiant`
  ADD PRIMARY KEY (`code_etud`),
  ADD UNIQUE KEY `matricule` (`matricule`);

--
-- Index pour la table `intervention`
--
ALTER TABLE `intervention`
  ADD PRIMARY KEY (`code_int`),
  ADD KEY `FKafbd4vdr18ph01ht1ll4hfpdb` (`code_dep`),
  ADD KEY `FKk2agnwn1nmew6qg6m28v27d0o` (`code_etud`);

--
-- Index pour la table `piece_jointe`
--
ALTER TABLE `piece_jointe`
  ADD PRIMARY KEY (`id_pj`);

--
-- Index pour la table `utilisateur`
--
ALTER TABLE `utilisateur`
  ADD PRIMARY KEY (`code_utilisateur`),
  ADD UNIQUE KEY `email` (`mail_user`),
  ADD UNIQUE KEY `telephone` (`telephone`),
  ADD UNIQUE KEY `login` (`login`),
  ADD UNIQUE KEY `signature` (`signature`),
  ADD KEY `FK172kewomoq0m77ponjvyphwlg` (`code_dep`);

--
-- Index pour la table `utilisateur_departement`
--
ALTER TABLE `utilisateur_departement`
  ADD PRIMARY KEY (`code_utilisateur`,`code_dep`) USING BTREE,
  ADD KEY `FK_utilisateur_role_code_role` (`code_dep`) USING BTREE;

--
-- AUTO_INCREMENT pour les tables déchargées
--

--
-- AUTO_INCREMENT pour la table `departement`
--
ALTER TABLE `departement`
  MODIFY `code_dep` bigint(20) NOT NULL AUTO_INCREMENT, AUTO_INCREMENT=157468;

--
-- AUTO_INCREMENT pour la table `etudiant`
--
ALTER TABLE `etudiant`
  MODIFY `code_etud` bigint(20) NOT NULL AUTO_INCREMENT, AUTO_INCREMENT=222351;

--
-- AUTO_INCREMENT pour la table `intervention`
--
ALTER TABLE `intervention`
  MODIFY `code_int` bigint(20) NOT NULL AUTO_INCREMENT, AUTO_INCREMENT=353;

--
-- AUTO_INCREMENT pour la table `piece_jointe`
--
ALTER TABLE `piece_jointe`
  MODIFY `id_pj` bigint(20) NOT NULL AUTO_INCREMENT;

--
-- AUTO_INCREMENT pour la table `utilisateur`
--
ALTER TABLE `utilisateur`
  MODIFY `code_utilisateur` bigint(20) NOT NULL AUTO_INCREMENT, AUTO_INCREMENT=189963;
COMMIT;

/*!40101 SET CHARACTER_SET_CLIENT=@OLD_CHARACTER_SET_CLIENT */;
/*!40101 SET CHARACTER_SET_RESULTS=@OLD_CHARACTER_SET_RESULTS */;
/*!40101 SET COLLATION_CONNECTION=@OLD_COLLATION_CONNECTION */;
